Season,No. in series,Company,Deal,Industry,Entrepreneur Gender,Amount,Equity,Corcoran,Cuban,Greiner,Herjavec,John,O'Leary,Harrington,Guest,Details / Notes
1.0,1.0,Ava the Elephant,Yes,Healthcare,Female,"$50,000",55%,1.0,,,,,,,,
1.0,1.0,Mr. Tod's Pie Factory,Yes,Food and Beverage,Male,"$460,000",50%,1.0,,,,1.0,,,,
1.0,1.0,Wispots,No,Business Services,Male,,,,,,,,,,,
1.0,1.0,College Foxes Packing Boxes,No,Lifestyle / Home,Male,,,,,,,,,,,
1.0,1.0,Ionic Ear,No,Uncertain / Other,Male,,,,,,,,,,,
1.0,2.0,A Perfect Pear,Yes,Food and Beverage,Female,"$500,000",50%,,,,1.0,,1.0,,,
1.0,2.0,Classroom Jams,Yes,Children / Education,Male,"$250,000",10%,1.0,1.0,,1.0,1.0,1.0,,,
1.0,2.0,Lifebelt,No,Consumer Products,Male,,,,,,,,,,,
1.0,2.0,Crooked Jaw,No,Fashion / Beauty,Male,,,,,,,,,,,
1.0,2.0,Sticky Note Holder,No,Lifestyle / Home,Female,,,,,,,,,,,
1.0,3.0,Turbobaster,Yes,Food and Beverage,Female,"$35,000",100%,,,,,,,1.0,,2% royalty
1.0,3.0,Stress Free Kids,Yes,Children / Education,Female,"$250,000",50%,1.0,,,,,,,,
1.0,3.0,Kwyzta Chopstick Art,No,Children / Education,Male,,,,,,,,,,,
1.0,3.0,50 State Capitals in 50 Minutes,No,Children / Education,Male,,,,,,,,,,,
1.0,3.0,Voyage Air Guitar,No,Media / Entertainment,Male,,,,,,,,,,,
1.0,4.0,Gift Card Rescue,Yes,Software / Tech,Male,"$200,000",50%,,,,1.0,,1.0,,,
1.0,4.0,Coverplay,Yes,Children / Education,Female,"$35,000",40%,1.0,,,,,,,,
1.0,4.0,Graffiti Removal Services,No,Business Services,Male,,,,,,,,,,,
1.0,4.0,"Souls Calling, Inc.",No,Fashion / Beauty,Female,,,,,,,,,,,
1.0,4.0,Coffee Brand Gifts,No,Food and Beverage,Male,,,,,,,,,,,
1.0,5.0,My Therapy Journal,Yes,Healthcare,Male,"$80,000",51%,,,,1.0,,1.0,,,
1.0,5.0,Body Jac,Yes,Fitness / Sports,Male,"$180,000",50%,1.0,,,,,,1.0,,contingent on him losing 30 pounds!
1.0,5.0,Good Grief Celebrations,No,Business Services,Female,,,,,,,,,,,
1.0,5.0,Granola Gourmet,No,Food and Beverage,Male,,,,,,,,,,,
1.0,5.0,Face Blok,No,Healthcare,Female,,,,,,,,,,,
1.0,6.0,Pork Barrel BBQ Sauce,Yes,Food and Beverage,Male,"$50,000",50%,1.0,,,,,,,,
1.0,6.0,Element Bars,Yes,Fitness / Sports,Male,"$150,000",30%,,,,,,,1.0,,"license bars, entrepreneur gets 4% of sales forever"
1.0,6.0,Underease Underwear,No,Fashion / Beauty,Mixed Team,,,,,,,,,,,
1.0,6.0,Kalyx Technologies,No,Fashion / Beauty,Female,,,,,,,,,,,
1.0,6.0,The Fizz,No,Food and Beverage,Male,,,,,,,,,,,
1.0,7.0,Soy-Yer-Dough,Yes,Food and Beverage,Male,"$300,000",51%,,,,1.0,1.0,1.0,,,
1.0,7.0,Grill Charms Set,Yes,Fashion / Beauty,Female,"$50,000",20%,,,,1.0,,,,,
1.0,7.0,Boogie Box Fitness,No,Fitness / Sports,Female,,,,,,,,,,,
1.0,7.0,The Fun house Project,No,Media / Entertainment,Male,,,,,,,,,,,
1.0,8.0,Treasure Chest Pets,Yes,Pet Products,Female,"$100,000",60%,1.0,,,,1.0,,,,
1.0,8.0,Notehall,Yes,Software / Tech,Male,"$90,000",25%,1.0,,,,,,,,deal did not go through after show; acquired by Chegg for 3.7M in equity
1.0,8.0,Throx,No,Fashion / Beauty,Male,,,,,,,,,,,
1.0,8.0,Washed Up Hollywood,No,Fashion / Beauty,Male,,,,,,,,,,,
1.0,9.0,Gayla Bentley Fashion,Yes,Fashion / Beauty,Female,"$250,000",50%,1.0,,,,1.0,,,,
1.0,9.0,Chill Soda,Yes,Food and Beverage,Male,"$50,000",20%,1.0,,,,,,,,
1.0,9.0,Cornucopia Express,No,Pet Products,Male,,,,,,,,,,,
1.0,9.0,Virtusphere,No,Software / Tech,Male,,,,,,,,,,,
1.0,10.0,The URO Club,Yes,Uncertain / Other,Male,"$25,000",70%,,,,,,,,1.0,
1.0,10.0,Jump Forward,Yes,Uncertain / Other,Male,"$600,000",50%,,,,1.0,,1.0,,,
1.0,10.0,The Bobble Place,No,Children / Education,Male,,,,,,,,,,,
1.0,10.0,Mr. Poncho,No,Fashion / Beauty,Mixed Team,,,,,,,,,,,
1.0,11.0,Hells Bells Helmets,Yes,Consumer Products,Mixed Team,"$500,000",50%,,,,,1.0,,,,
1.0,11.0,Chef In Black,Yes,Food and Beverage,Female,"$50,000",40%,1.0,,,,,,,,
1.0,11.0,Ink Flip,No,Business Services,Male,,,,,,,,,,,
1.0,11.0,Romp NΓÇÖ Roll,No,Children / Education,Mixed Team,,,,,,,,,,,
1.0,11.0,The Twister,No,Fitness / Sports,Male,,,,,,,,,,,
1.0,12.0,Grease Monkey Wipes,Yes,Lifestyle / Home,Mixed Team,"$40,000",40%,1.0,,,1.0,,,,,
1.0,12.0,Wee Can Shop,No,Children / Education,Mixed Team,,,,,,,,,,,
1.0,12.0,The Podillow,No,Consumer Products,Mixed Team,,,,,,,,,,,
1.0,12.0,The Factionist,No,Fashion / Beauty,Male,,,,,,,,,,,
1.0,13.0,Caffeindicator,Yes,Food and Beverage,Male,"$200,000",50%,,,,,,,1.0,,
1.0,13.0,Lipstick Remix,Yes,Fashion / Beauty,Female,"$105,000",50%,1.0,,,,1.0,,1.0,,
1.0,13.0,Legal Grind,No,Business Services,Mixed Team,,,,,,,,,,,
1.0,13.0,Captain Ice Cream,No,Food and Beverage,Male,,,,,,,,,,,
1.0,14.0,Nubrella,Yes,Fashion / Beauty,Male,"$200,000",51%,,,,,1.0,,1.0,,Deal fell through after show
1.0,14.0,Qubits,Yes,Children / Education,Male,"$90,000",51%,,,,,1.0,,,,Deal fell through after show
1.0,14.0,Send A Ball,No,Children / Education,Female,,,,,,,,,,,
1.0,14.0,Pillars of Slippers,No,Fashion / Beauty,Female,,,,,,,,,,,
1.0,14.0,Llama Brew,No,Green/CleanTech,Mixed Team,,,,,,,,,,,
2.0,1.0,Wurkin Stiffs,Yes,Consumer Products,Male,"$100,000",40%,1.0,,,,1.0,,,,
2.0,1.0,Tippi Toes,Yes,Fitness / Sports,Female,"$100,000",30%,1.0,1.0,,,,,,,
2.0,1.0,CBS Foods,No,Food and Beverage,Male,,,,,,,,,,,
2.0,1.0,Copa di Vino,No,Food and Beverage,Male,,,,,,,,,,,
2.0,2.0,Toygaroo,Yes,Children / Education,Female,"$200,000",35%,,1.0,,,,1.0,,,Company filed for Chapter 7 bankruptcy in April 2012
2.0,2.0,First Defense Nasal Screen,Yes,Healthcare,Male,"$750,000",30%,,1.0,,1.0,1.0,,,,10% perpetual royalty
2.0,2.0,Vurtego,No,Fitness / Sports,Male,,,,,,,,,,,
2.0,2.0,Wake n' Bacon,No,Food and Beverage,Male,,,,,,,,,,,
2.0,3.0,Mod Mom Furniture,Yes,Lifestyle / Home,Female,"$90,000",33%,,,,,,,,,7.5% royalty fee after they hit $500K
2.0,3.0,Flipoutz,Yes,Fashion / Beauty,Mixed Team,"$100,000",25%,,,,,1.0,,,,
2.0,3.0,Fitness Stride,No,Fitness / Sports,Male,,,,,,,,,,,
2.0,3.0,Pure Ayre,No,Lifestyle / Home,Male,,,,,,,,,,,
2.0,4.0,Broccoli Wad,Yes,Food and Beverage,Male,"$50,000",40%,1.0,,,,,,,,
2.0,4.0,Hillbilly Brand,Yes,Fashion / Beauty,Male,"$75,000",25%,,,,1.0,1.0,,,,7% royalty
2.0,4.0,Ride-On Carry-On,Yes,Consumer Products,Mixed Team,"$50,000",25%,1.0,,,,,,,,
2.0,4.0,Uncle Zip's Beef Jerky,No,Food and Beverage,Male,,,,,,,,,,,
2.0,5.0,Lightfilm,Yes,Consumer Products,Male,"$10,000",70%,,,,1.0,1.0,,,,founders receive 75% of the profit's until the $750k was paid back
2.0,5.0,Fridge Fronts,Yes,Lifestyle / Home,Female,"$100,000",50%,1.0,,,,,1.0,,,magnetic decorative finish for refrigerators; deal did not go through
2.0,5.0,New Era Brands,No,Consumer Products,Male,,,,,,,,,,,clip-on gum and clip-on contact lens cases
2.0,5.0,Thin Gloss,No,Fashion / Beauty,Female,,,,,,,,,,,weight loss lip gloss
2.0,6.0,Sweep Easy,Yes,Lifestyle / Home,Male,"$75,000",33%,,,,,1.0,,,,
2.0,6.0,Daisy Cakes,Yes,Food and Beverage,Female,"$50,000",25%,1.0,,,,,,,,Barbara gets $1 per every cake sold until investment is paid back
2.0,6.0,Hot Mama Gowns,No,Fashion / Beauty,Female,,,,,,,,,,,luxury maternity gowns
2.0,6.0,Caddy Swag,No,Fitness / Sports,Mixed Team,,,,,,,,,,,
2.0,7.0,Hydromax,Yes,Fitness / Sports,Male,"$50,000",50%,,,,,,,,1.0,
2.0,7.0,Carsik Bib,No,Children / Education,Male,,,,,,,,,,,
2.0,7.0,Ecomowers,No,Green/CleanTech,Male,,,,,,,,,,,
2.0,7.0,Games2U,No,Media / Entertainment,Male,,,,,,,,,,,
2.0,8.0,HyConn,Yes,Uncertain / Other,Male,"$1,250,000",100%,,1.0,,,,,,,deal did not go through after show
2.0,8.0,Origaudio,Yes,Software / Tech,Male,"$150,000",15%,,,,1.0,,,,,deal did not go through after diligence
2.0,8.0,Man Candle,No,Lifestyle / Home,Male,,,,,,,,,,,
2.0,8.0,Original Runner Company,No,Lifestyle / Home,Female,,,,,,,,,,,
2.0,9.0,Aldo Orta Jewelry,Yes,Fashion / Beauty,Male,"$180,000",45%,1.0,,,,,,1.0,,
2.0,9.0,One Sole,Yes,Fashion / Beauty,Female,"$500,000",35%,,,,,1.0,,,,
2.0,9.0,CitiKitty,Yes,Pet Products,Female,"$100,000",30%,,,,,,,1.0,,
2.0,9.0,Samson Martin,No,Fashion / Beauty,Female,,,,,,,,,,,
3.0,1.0,EZ VIP,Yes,Media / Entertainment,Male,"$150,000",30%,,1.0,,,1.0,,,,
3.0,1.0,The Clean Bottle,Yes,Food and Beverage,Male,"$60,000",8%,,1.0,,,,,,,
3.0,1.0,My Wonderful Life,No,Business Services,Female,,,,,,,,,,,
3.0,1.0,Business Ghost,No,Business Services,Male,,,,,,,,,,,
3.0,2.0,I Want To Draw A Cat For You,Yes,Software / Tech,Male,"$25,000",33%,,1.0,,,,,,,
3.0,2.0,Salespreneur,No,Business Services,Male,,,,,,,,,,,
3.0,2.0,Invis-A-Rack,No,Consumer Products,Male,,,,,,,,,,,
3.0,2.0,Vegas Magic Show,No,Media / Entertainment,Male,,,,,,,,,,,
3.0,3.0,You Smell Soap,Yes,Fashion / Beauty,Female,"$50,000",50%,,,,1.0,,,,,deal terms changed after dilligence (http://sharktanksuccess.blogspot.com/2013/07/you-smell-soap-update.html)
3.0,3.0,Chord Buddy,Yes,Media / Entertainment,Male,"$175,000",20%,,,,1.0,,,,,
3.0,3.0,Liquid Money,No,Consumer Products,Male,,,,,,,,,,,
3.0,3.0,Tail Lightz,No,Fashion / Beauty,Male,,,,,,,,,,,
3.0,4.0,Wine Balloon,Yes,Food and Beverage,Male,"$400,000",100%,,1.0,,,,,,,deal fell apart after show
3.0,4.0,Show No,Yes,Fashion / Beauty,Female,"$75,000",25%,,,1.0,,,,,,
3.0,4.0,The Swilt,No,Fashion / Beauty,Female,,,,,,,,,,,
3.0,4.0,Puppy Cake,No,Pet Products,Female,,,,,,,,,,,
3.0,5.0,The Last Lid,Yes,Lifestyle / Home,Mixed Team,"$40,000",60%,,,,,1.0,,,,
3.0,5.0,Talbott Teas,Yes,Food and Beverage,Male,"$250,000",35%,,,,,,1.0,,,Acquired by Jamba Juice
3.0,5.0,M3 Girl Designs,Yes,Fashion / Beauty,Female,"$300,000",30%,,1.0,1.0,1.0,,,,,
3.0,5.0,Ledge Pillow,No,Lifestyle / Home,Female,,,,,,,,,,,
3.0,6.0,Readerest Specsecure,Yes,Consumer Products,Male,"$150,000",65%,,,1.0,,,,,,
3.0,6.0,The Painted Pretzel,Yes,Food and Beverage,Female,"$100,000",25%,,1.0,,,,,,,
3.0,6.0,Esso Watches,No,Fashion / Beauty,Male,,,,,,,,,,,
3.0,6.0,Five Minute Furniture,No,Lifestyle / Home,Male,,,,,,,,,,,
3.0,7.0,Kisstixx,Yes,Fashion / Beauty,Male,"$200,000",40%,,1.0,,,,,,,
3.0,7.0,The Smart Baker,Yes,Food and Beverage,Mixed Team,"$75,000",40%,1.0,,,,,,,,5% royalty until investment paid back
3.0,7.0,ScotteVest,No,Fashion / Beauty,Male,,,,,,,,,,,
3.0,7.0,The Heat Helper,No,Lifestyle / Home,Male,,,,,,,,,,,
3.0,8.0,Litter,Yes,Fashion / Beauty,Female,"$80,000",51%,,1.0,,,1.0,,,,
3.0,8.0,Nardo's Natural,Yes,Fashion / Beauty,Male,"$75,000",50%,,,,,,,,,
3.0,8.0,The Original Profender,No,Fitness / Sports,Male,,,,,,,,,,,
3.0,8.0,Rent-A-Grandma,No,Lifestyle / Home,Male,,,,,,,,,,,
3.0,9.0,Tower Paddle Boards,Yes,Fitness / Sports,Male,"$150,000",30%,,1.0,,,,,,,"plus ""first right of refusal"" on any future inventions"
3.0,9.0,Miso Media,Yes,Media / Entertainment,Male,"$300,000",8%,,1.0,,,,,,,
3.0,9.0,Instant Lifts,No,Fashion / Beauty,Mixed Team,,,,,,,,,,,
3.0,9.0,Vinamor,No,Food and Beverage,Male,,,,,,,,,,,
3.0,10.0,GoGo Gear,Yes,Fitness / Sports,Female,"$300,000",50%,,,,,1.0,,,,
3.0,10.0,The Ave Venice,No,Fashion / Beauty,Male,,,,,,,,,,,
3.0,10.0,BrewerΓÇÖs Cow,No,Food and Beverage,Male,,,,,,,,,,,
3.0,10.0,BarkΓÇÖemΓÇÖs To Go,No,Pet Products,Male,,,,,,,,,,,
3.0,11.0,ViewSport,No,Fitness / Sports,Male,,,,,,,,,,,
3.0,11.0,Blondies Cookies,No,Food and Beverage,Female,,,,,,,,,,,
3.0,11.0,Copa di Vino,No,Food and Beverage,Male,,,,,,,,,,,
3.0,11.0,The Sullivan Generator,No,Green/CleanTech,Male,,,,,,,,,,,
3.0,12.0,Lollacup,Yes,Children / Education,Mixed Team,"$100,000",40%,,1.0,,1.0,,,,,
3.0,12.0,Nail Pak,Yes,Fashion / Beauty,Female,"$50,000",40%,,,1.0,,,,,,
3.0,12.0,Debbie Brooks Handbags,No,Fashion / Beauty,Mixed Team,,,,,,,,,,,
3.0,12.0,Trimi Tank,No,Fashion / Beauty,Female,,,,,,,,,,,
3.0,13.0,Villy Customs,Yes,Fitness / Sports,Male,"$500,000",42%,1.0,1.0,,,,,,,
3.0,13.0,Boot Illusions,Yes,Fashion / Beauty,Mixed Team,"$500,000",40%,1.0,1.0,,,,,,,
3.0,13.0,AirBedz,No,Consumer Products,Male,,,,,,,,,,,
3.0,13.0,Skyride,No,Uncertain / Other,Male,,,,,,,,,,,
3.0,14.0,Dance With Me,Yes,Fitness / Sports,Male,"$100,000",50%,,1.0,,,1.0,,,,
3.0,14.0,Wild Squirrel Nut Butter,Yes,Food and Beverage,Female,"$50,000",40%,1.0,,,,,,,,
3.0,14.0,Mix Bikini,Yes,Fashion / Beauty,Male,"$50,000",25%,1.0,,,,,,,,
3.0,14.0,Cab20 Rock Band,No,Media / Entertainment,Male,,,,,,,,,,,
3.0,15.0,Remyxx ReKixx Sneakers,Yes,Fashion / Beauty,Male,"$50,000",80%,,,,,1.0,,,,
3.0,15.0,UniKey Technologies,Yes,Software / Tech,Male,"$500,000",40%,,1.0,,,,1.0,,,Deal did not close after snow (http://pando.com/2013/05/08/life-after-shark-tank-the-real-story-of-how-unikey-finally-came-to-market/)
3.0,15.0,The NitroForce Titan 1000,No,Fitness / Sports,Mixed Team,,,,,,,,,,,
3.0,15.0,Cougar Limited,No,Food and Beverage,Male,,,,,,,,,,,
4.0,1.0,Bev Buckle,Yes,Food and Beverage,Male,"$50,000",51%,1.0,,,,,,,,
4.0,1.0,Buggy Beds,Yes,Lifestyle / Home,Female,"$250,000",25%,1.0,1.0,,1.0,1.0,1.0,,,
4.0,1.0,Coat Chex,No,Business Services,Male,,,,,,,,,,,
4.0,1.0,Body Walking,No,Fashion / Beauty,Male,,,,,,,,,,,
4.0,2.0,SurfSet Fitness,Yes,Fitness / Sports,Mixed Team,"$300,000",30%,,1.0,,,,,,,
4.0,2.0,CateApp,Yes,Software / Tech,Male,"$75,000",30%,,,,,1.0,1.0,,,
4.0,2.0,Alpha M,No,Business Services,Male,,,,,,,,,,,
4.0,2.0,eCreamery,No,Food and Beverage,Female,,,,,,,,,,,
4.0,3.0,Rock Bands,Yes,Fashion / Beauty,Male,"$100,000",40%,,1.0,,,1.0,,,,
4.0,3.0,Posture Now,Yes,Healthcare,Male,"$100,000",30%,,1.0,,,,,,,
4.0,3.0,FuzziBunz,No,Children / Education,Female,,,,,,,,,,,
4.0,3.0,Liz Lovely Cookies,No,Food and Beverage,Mixed Team,,,,,,,,,,,
4.0,4.0,Bag Bowl,Yes,Lifestyle / Home,Male,"$40,000",33%,,,1.0,,,,,,
4.0,4.0,Back 9 Dips,Yes,Food and Beverage,Mixed Team,"$150,000",25%,,,1.0,1.0,,,,,
4.0,4.0,Lift Hamper,No,Lifestyle / Home,Male,,,,,,,,,,,
4.0,4.0,Zomm,No,Lifestyle / Home,Male,,,,,,,,,,,
4.0,5.0,Cozy Bugs,Yes,Fashion / Beauty,Female,"$50,000",30%,,,,,1.0,,,,
4.0,5.0,Marz Sprays,Yes,Healthcare,Male,"$200,000",25%,,,1.0,,,,,,plus option to buy back option of half the stock for 4X investment
4.0,5.0,Wired Waffles,No,Food and Beverage,Male,,,,,,,,,,,
4.0,5.0,The Spatty and The Spaddy Dadd,No,Food and Beverage,Female,,,,,,,,,,,
4.0,6.0,PRO-NRG,Yes,Food and Beverage,Mixed Team,"$250,000",30%,,,,,1.0,,,,contingent on a deal with Bad Ass Energy
4.0,6.0,Cousins Maine Lobster,Yes,Food and Beverage,Male,"$55,000",15%,1.0,,,,,,,,
4.0,6.0,Freaker USA,No,Food and Beverage,Male,,,,,,,,,,,
4.0,6.0,EcoNutsSoap,No,Lifestyle / Home,Mixed Team,,,,,,,,,,,
4.0,7.0,SBU,Yes,Fitness / Sports,Male,"$300,000",33%,,,,1.0,,1.0,,,
4.0,7.0,Scrub Daddy,Yes,Lifestyle / Home,Male,"$200,000",20%,,,1.0,,,,,,
4.0,7.0,The Shemie,No,Fashion / Beauty,Male,,,,,,,,,,,
4.0,7.0,The Bear & The Rat,No,Pet Products,Mixed Team,,,,,,,,,,,
4.0,8.0,The Cool Wazoo,Yes,Children / Education,Female,"$65,000",35%,,,1.0,,,,,,
4.0,8.0,Plate Topper,Yes,Food and Beverage,Male,"$90,000",8%,,,1.0,,,,,,
4.0,8.0,No Fly Cone,No,Pet Products,Male,,,,,,,,,,,
4.0,9.0,Drive Suits,Yes,Uncertain / Other,Male,"$150,000",30%,,,,,,1.0,,,
4.0,9.0,Ice Chips Candy,Yes,Food and Beverage,Female,"$125,000",20%,1.0,1.0,,,,,,,
4.0,9.0,ReVestor,No,Software / Tech,Male,,,,,,,,,,,
4.0,9.0,PC Classes Online,No,Software / Tech,Male,,,,,,,,,,,
4.0,10.0,Ruck Pack Combat Nutrition,Yes,Fashion / Beauty,Male,"$150,000",20%,,,,1.0,,1.0,,,
4.0,10.0,Nearly Newlywed,No,Fashion / Beauty,Female,,,,,,,,,,,
4.0,10.0,Tie Try,No,Fashion / Beauty,Male,,,,,,,,,,,
4.0,10.0,Corks Away,No,Food and Beverage,Male,,,,,,,,,,,
4.0,11.0,The Living Christmas Company,Yes,Lifestyle / Home,Male,"$150,000",40%,,1.0,,,,,,,
4.0,11.0,The Coop,Yes,Children / Education,Female,"$150,000",15%,1.0,,,,,,,,plus personal guarantee she will get her investment back within 2 years
4.0,11.0,Partie Poche,No,Fashion / Beauty,Mixed Team,,,,,,,,,,,
4.0,11.0,Fat Ass Fudge,No,Food and Beverage,Female,,,,,,,,,,,
4.0,12.0,Hot Tot,Yes,Children / Education,Female,"$75,000",40%,,1.0,,,,,,,
4.0,12.0,The GameFace Company,Yes,Fashion / Beauty,Male,"$450,000",35%,,1.0,1.0,,,,,,
4.0,12.0,Dura Tent,No,Food and Beverage,Male,,,,,,,,,,,
4.0,12.0,ARKEG,No,Uncertain / Other,Male,,,,,,,,,,,
4.0,13.0,Coffee Joulies,Yes,Food and Beverage,Male,"$150,000",n/a,,,1.0,1.0,1.0,1.0,,,"plus royalty fee of $6 per Coffee Joulies sold retail, and $3 per wholesale. The royalty drops to $1 per unit sold after Sharks recoup their investment."
4.0,13.0,Teddy Needs,Yes,Children / Education,Female,"$100,000",30%,,1.0,,,,,,,plus 10% royalty until he gets his investment paid back in full
4.0,13.0,Urbio,Yes,Lifestyle / Home,Male,"$300,000",15%,,,1.0,,,,,,
4.0,13.0,Sub Zero Ice Cream,No,Food and Beverage,Mixed Team,,,,,,,,,,,
4.0,14.0,Sound Bender,Yes,Software / Tech,Male,"$54,000",40%,,,,,1.0,,,,
4.0,14.0,Bibitec Bibs,No,Children / Education,Mixed Team,,,,,,,,,,,
4.0,14.0,Cuddle Story Telling Bear,No,Children / Education,Male,,,,,,,,,,,
4.0,14.0,Invisible Xero Shoes,No,Fitness / Sports,Mixed Team,,,,,,,,,,,
4.0,15.0,Hoodie Pillow,Yes,Lifestyle / Home,Mixed Team,"$90,000",20%,,,,1.0,,,,,
4.0,15.0,Get Grinds,Yes,Food and Beverage,Male,"$75,000",15%,,,,1.0,1.0,,,,
4.0,15.0,Green Garmento,No,Fashion / Beauty,Female,,,,,,,,,,,
4.0,15.0,My Cold Snap,No,Food and Beverage,Male,,,,,,,,,,,
4.0,16.0,The Smart Wheel,Yes,Consumer Products,Mixed Team,"$100,000",30%,,1.0,,1.0,,,,,
4.0,16.0,HDYR Sushi Bars,Yes,Food and Beverage,Male,"$1,000,000",20%,,,,,,1.0,,,
4.0,16.0,Gotta Have S'More,No,Food and Beverage,Female,,,,,,,,,,,
4.0,16.0,Pretty Padded Room,No,Healthcare,Female,,,,,,,,,,,
4.0,17.0,Addison's Wonderland,No,Children / Education,Female,,,,,,,,,,,
4.0,17.0,Hip Chicks,No,Fashion / Beauty,Female,,,,,,,,,,,
4.0,17.0,Proof Eye Wear,No,Fashion / Beauty,Male,,,,,,,,,,,
4.0,17.0,Muddy Water Camo,No,Fitness / Sports,Male,,,,,,,,,,,
4.0,18.0,Jeska Shoe Company,Yes,Fashion / Beauty,Female,"$70,000",70%,,,,,1.0,,,,
4.0,18.0,Nuts n More,Yes,Food and Beverage,Male,"$250,000",30%,,1.0,,1.0,,,,,
4.0,18.0,Neo Innovations,No,Healthcare,Male,,,,,,,,,,,
4.0,18.0,PSI Bands,No,Healthcare,Female,,,,,,,,,,,
4.0,19.0,CordaRoy's Bean Bag Beds,Yes,Lifestyle / Home,Male,"$200,000",58%,,,1.0,,,,,,
4.0,19.0,Lose 12,Yes,Fitness / Sports,Male,"$125,000",25%,,,,,1.0,,,,
4.0,19.0,Baby Loves Disco,No,Children / Education,Mixed Team,,,,,,,,,,,
4.0,19.0,Cell Helmet,No,Software / Tech,Male,,,,,,,,,,,
4.0,20.0,CoolWraps,Yes,Lifestyle / Home,Male,"$250,000",100%,,1.0,,,,,,,plus inventor gets 3% royalty from all future profits
4.0,20.0,Simple Sugar Scrubs,Yes,Fashion / Beauty,Female,"$100,000",33%,,1.0,,,,,,,
4.0,20.0,Drop Stop,Yes,Consumer Products,Male,"$300,000",20%,,,1.0,,,,,,
4.0,20.0,Traditional Fisheries,No,Food and Beverage,Male,,,,,,,,,,,
4.0,21.0,GOBIE H20,Yes,Consumer Products,Male,"$300,000",40%,,,,,1.0,,,,
4.0,21.0,LiddUp Coolers,Yes,Food and Beverage,Male,"$100,000",33%,,,,,,1.0,,,
4.0,21.0,Rootsuit,No,Fashion / Beauty,Male,,,,,,,,,,,
4.0,21.0,Echo Valley Meats,No,Food and Beverage,Male,,,,,,,,,,,
4.0,22.0,Wicked Good Cup Cakes,Yes,Food and Beverage,Female,"$75,000",n/a,,,,,,1.0,,,"Zero equity, but $1 royalty until investor gets money back,t hen .45 cent royalty in perpetuity."
4.0,22.0,The Mission Belt,Yes,Fashion / Beauty,Male,"$50,000",37.50%,,,,,1.0,,,,
4.0,22.0,Shell Bobbers,Yes,Fitness / Sports,Male,"$80,000",33%,,1.0,,,,,,,
4.0,22.0,Tremont Electric,No,Green/CleanTech,Male,,,,,,,,,,,
4.0,23.0,Me-Ma's Gumbo Bricks,Yes,Food and Beverage,Female,"$200,000",50%,,,1.0,,,1.0,,,
4.0,23.0,Misto Box Coffee Club,Yes,Food and Beverage,Mixed Team,"$75,000",30%,,1.0,,,,,,,
4.0,23.0,Vermont Butcher Block,No,Lifestyle / Home,Male,,,,,,,,,,,
4.0,23.0,Squirrel Boss Bird Feeder,No,Pet Products,Male,,,,,,,,,,,
4.0,24.0,Pink Shutter Photo Booths,Yes,Consumer Products,Male,"$300,000",33%,1.0,,,,,,,,plus equal salary distribution of all the profits
4.0,24.0,KazAM Balancing Bike's,Yes,Fitness / Sports,Female,"$300,000",32%,1.0,1.0,,,,,,,
4.0,24.0,Baby's Badass Burgers,No,Food and Beverage,Female,,,,,,,,,,,
4.0,24.0,Track Days,No,Uncertain / Other,Male,,,,,,,,,,,
4.0,25.0,Stella Valle Jewelry,Yes,Fashion / Beauty,Female,"$150,000",35%,,1.0,1.0,,,,,,
4.0,25.0,Geek Chic,Yes,Fashion / Beauty,Male,"$300,000",25%,,,,1.0,,,,,
4.0,25.0,LugLess,No,Consumer Products,Male,,,,,,,,,,,
4.0,25.0,Jones Scones,No,Food and Beverage,Male,,,,,,,,,,,
4.0,26.0,Ryan's Barkery,Yes,Pet Products,Male,"$25,000",25%,1.0,,,,,,,,
4.0,26.0,Verbalize It App,Yes,Business Services,Male,"$250,000",20%,,,,,,1.0,,,
4.0,26.0,Tom n Chee,Yes,Food and Beverage,Male,"$600,000",15%,1.0,1.0,,,,,,,
4.0,26.0,Three Day Rule,No,Software / Tech,Female,,,,,,,,,,,
5.0,1.0,Sweet Ballz,Yes,Food and Beverage,Male,"$250,000",25%,1.0,1.0,,,,,,,
5.0,1.0,Postcard on the Run,Yes,Software / Tech,Male,"$300,000",8%,,,,1.0,,,,,
5.0,1.0,Lynnaes Gourmet Pickles,No,Food and Beverage,Female,,,,,,,,,,,
5.0,1.0,RoloDoc,No,Healthcare,Male,,,,,,,,,,,
5.0,2.0,Kane & Couture Dog Clothes,Yes,Pet Products,Female,"$150,000",40%,,,1.0,,1.0,,,,
5.0,2.0,Breathometer,Yes,Healthcare,Male,"$1,000,000",30%,,1.0,1.0,1.0,1.0,1.0,,,
5.0,2.0,Mango Mango Preserve,No,Food and Beverage,Female,,,,,,,,,,,
5.0,2.0,Man Medals,No,Uncertain / Other,Male,,,,,,,,,,,
5.0,3.0,Freeloader Child Carrier,Yes,Children / Education,Male,"$200,000",33%,,,,1.0,,,,,
5.0,3.0,Rapid Ramen Cooker,Yes,Food and Beverage,Male,"$300,000",15%,,1.0,,,,,,,"$150K is investment, $150K is loan"
5.0,3.0,Fairy Tale Wishes,No,Children / Education,Female,,,,,,,,,,,
5.0,3.0,Kook n Kap,No,Food and Beverage,Female,,,,,,,,,,,
5.0,4.0,Screen Mend,Yes,Lifestyle / Home,Mixed Team,"$30,000",50%,,,1.0,,,,,,
5.0,4.0,Hamboards Skateboard/Surfboard,Yes,Fitness / Sports,Male,"$300,000",30%,,,,1.0,,,,,
5.0,4.0,R Dubs Sunday Night Slow Jams,No,Lifestyle / Home,Male,,,,,,,,,,,
5.0,4.0,Scan. Me App,No,Software / Tech,Male,,,,,,,,,,,
5.0,5.0,Garden Pops,Yes,Food and Beverage,Mixed Team,"$75,000",30%,1.0,1.0,,,,,,,
5.0,5.0,Ruffle Butts - Rugged Butts,Yes,Fashion / Beauty,Mixed Team,"$300,000",9%,,,1.0,,,,,,
5.0,5.0,Bare Ease Bikini Waxing,No,Lifestyle / Home,Female,,,,,,,,,,,
5.0,5.0,Rent A Goat,No,Uncertain / Other,Male,,,,,,,,,,,
5.0,6.0,Total Merchant Resources,Yes,Business Services,Mixed Team,"$200,000",50%,,,,,,1.0,,,
5.0,6.0,Ten Thirty One Haunted Hayrides,Yes,Media / Entertainment,Female,"$2,000,000",20%,,1.0,,,,,,,
5.0,6.0,Fiber Fix Tape,Yes,Lifestyle / Home,Male,"$250,000",12%,,,1.0,,,,,,
5.0,6.0,Elephant Chat,No,Consumer Products,Mixed Team,,,,,,,,,,,
5.0,7.0,180 Party Cup,Yes,Lifestyle / Home,Male,"$300,000",25%,,,,,1.0,,,,
5.0,7.0,Tree T Pee,Yes,Green/CleanTech,Male,"$150,000",20%,,,,,,,,1.0,
5.0,7.0,Better Life Cleaning Products,Yes,Green/CleanTech,Male,"$400,000",17%,,,1.0,,,,,,$400K is loan; equity drops to 7% once loan paid back
5.0,7.0,Kymera Electric Surfboards,No,Fitness / Sports,Male,,,,,,,,,,,
5.0,8.0,Paparazzi Proposals,Yes,Lifestyle / Home,Male,"$250,000",33%,,,1.0,,,1.0,,,$200K as loan
5.0,8.0,Schulzies Bread Pudding,No,Food and Beverage,Female,,,,,,,,,,,
5.0,8.0,BellyBuds,No,Healthcare,Male,,,,,,,,,,,
5.0,8.0,PetPaint,No,Pet Products,Male,,,,,,,,,,,
5.0,9.0,Surprise Ride,No,Children / Education,Female,,,,,,,,,,,
5.0,9.0,Slawsa,No,Food and Beverage,Female,,,,,,,,,,,
5.0,9.0,DoorBot,No,Lifestyle / Home,Male,,,,,,,,,,,
5.0,9.0,Magic Moments,No,Software / Tech,Male,,,,,,,,,,,
5.0,10.0,Grace & Lace Knitted Boot Socks,Yes,Fashion / Beauty,Mixed Team,"$175,000",10%,1.0,,,,,,,,half of investment is credit line
5.0,10.0,Yubo Customized Lunch Boxes,Yes,Children / Education,Mixed Team,"$150,000",20%,,,,1.0,,1.0,,,"if they pay it back in 18 months, equity drops to 10%"
5.0,10.0,PurseCase,Yes,Fashion / Beauty,Female,"$55,000",15%,,,,,1.0,,,,
5.0,10.0,Chocomize Chocolate Bars,No,Food and Beverage,Male,,,,,,,,,,,
5.0,11.0,De-Boned Baby Back Rib Steak,Yes,Food and Beverage,Mixed Team,"$300,000",30%,,,,,1.0,,,,
5.0,11.0,SpiritHoods,No,Fashion / Beauty,Mixed Team,,,,,,,,,,,
5.0,11.0,FoHawx,No,Fitness / Sports,Female,,,,,,,,,,,
5.0,11.0,Virtuix Omni,No,Software / Tech,Male,,,,,,,,,,,
5.0,12.0,Tipsy Elves,Yes,Fashion / Beauty,Male,"$100,000",10%,,,,1.0,,,,,
5.0,12.0,One Life Products,Yes,Lifestyle / Home,Male,"$50,000",35%,,,,,1.0,,,,
5.0,12.0,Cashmere Hair,No,Fashion / Beauty,Female,,,,,,,,,,,
5.0,12.0,Lite-Netics,No,Lifestyle / Home,Male,,,,,,,,,,,
5.0,13.0,GrooveBook,Yes,Software / Tech,Mixed Team,"$150,000",n/a,,1.0,,,,1.0,,,Sold to Shutterfly for $14.5M; deal was for 80% of the licensing rights
5.0,13.0,The Wall DoctoRX,Yes,Lifestyle / Home,Male,"$150,000",0%,,,,1.0,,,,,exclusive rights to sell internationally
5.0,13.0,Bounce Boot Camp,No,Children / Education,Male,,,,,,,,,,,
5.0,13.0,EyeBloc,No,Software / Tech,Male,,,,,,,,,,,
5.0,14.0,LockerBones,Yes,Children / Education,Male,"$175,000",50%,,,1.0,1.0,,,,,
5.0,14.0,InvisiPlug,Yes,Software / Tech,Male,"$125,000",10%,,,1.0,,,,,,"$1 per unit until she makes it back, then 25 cents per unit thereafter"
5.0,14.0,Balloon Distractions,No,Children / Education,Male,,,,,,,,,,,
5.0,14.0,Alaska Glacial Mud Co.,No,Fashion / Beauty,Female,,,,,,,,,,,
5.0,15.0,SwimZip,Yes,Children / Education,Mixed Team,"$60,000",20%,,,1.0,,,,,,
5.0,15.0,Freshly Picked,Yes,Children / Education,Female,"$150,000",25%,,,,,1.0,,,,
5.0,15.0,FitDeck,No,Fitness / Sports,Male,,,,,,,,,,,
5.0,15.0,LifeCaps,No,Healthcare,Male,,,,,,,,,,,
5.0,16.0,The Cookie Dough Cafe,Yes,Food and Beverage,Female,"$100,000",30%,,,1.0,,,,,1.0,
5.0,16.0,Cycloramic,Yes,Software / Tech,Male,"$500,000",15%,,1.0,1.0,,,,,,
5.0,16.0,Nexersys,No,Fitness / Sports,Male,,,,,,,,,,,
5.0,16.0,Cow Wow Cereal Milk,No,Food and Beverage,Male,,,,,,,,,,,
5.0,17.0,Spy Escape and Evasion,Yes,Children / Education,Male,"$150,000",45%,,,,,1.0,,,,
5.0,17.0,Southern Culture Artisan Foods,Yes,Food and Beverage,Female,"$100,000",38%,1.0,,,,,,,,
5.0,17.0,DDP Yoga,No,Fitness / Sports,Male,,,,,,,,,,,
5.0,17.0,Moberi,No,Food and Beverage,Male,,,,,,,,,,,
5.0,18.0,Bambooee,Yes,Lifestyle / Home,Mixed Team,"$200,000",10%,,,1.0,,,,,,
5.0,18.0,Buzzy4Shots,No,Healthcare,Female,,,,,,,,,,,
5.0,18.0,ZipIt,No,Lifestyle / Home,Female,,,,,,,,,,,
5.0,18.0,Cheek'd,No,Software / Tech,Female,,,,,,,,,,,
5.0,19.0,U-Lace,Yes,Fashion / Beauty,Male,"$200,000",35%,,1.0,,,,,,,
5.0,19.0,RevoLights,Yes,Fitness / Sports,Male,"$300,000",10%,,,,1.0,,,,,
5.0,19.0,Squeeky Knees,No,Children / Education,Mixed Team,,,,,,,,,,,
5.0,19.0,The Buffer Bit,No,Fashion / Beauty,Male,,,,,,,,,,,
5.0,20.0,Henry's Humdingers,Yes,Food and Beverage,Male,"$300,000",75%,,1.0,,1.0,,,,,
5.0,20.0,Boo Boo Goo,Yes,Healthcare,Mixed Team,"$100,000",25%,,,,,,1.0,,,
5.0,20.0,Iretron,Yes,Software / Tech,Male,"$100,000",20%,1.0,1.0,,,,,,,
5.0,20.0,Define Bottle,No,Food and Beverage,Male,,,,,,,,,,,
5.0,21.0,Packback Books,No,Children / Education,Mixed Team,,,,,,,,,,,
5.0,21.0,Chapul,Yes,Food and Beverage,Male,"$50,000",15%,,1.0,,,,,,,
5.0,21.0,Garage Door Lock,Yes,Lifestyle / Home,Male,"$275,000",35%,,,,,1.0,,,,
5.0,21.0,MorningHead,No,Lifestyle / Home,Male,,,,,,,,,,,
5.0,22.0,Plated,Yes,Food and Beverage,Male,"$500,000",6%,,1.0,,,,,,,
5.0,22.0,Monkey Mat,Yes,Lifestyle / Home,Mixed Team,"$100,000",35%,,1.0,1.0,,,,,,
5.0,22.0,The Paint Brush Cover,Yes,Lifestyle / Home,Male,"$100,000",20%,,,1.0,,,,,,
5.0,22.0,Kodiak Cakes,No,Food and Beverage,Mixed Team,,,,,,,,,,,
5.0,23.0,Velocity Signs,Yes,Business Services,Male,"$225,000",30%,,1.0,,1.0,,1.0,,,
5.0,23.0,Happy Feet,Yes,Fashion / Beauty,Male,"$375,000",25%,,,,,,,,,
5.0,23.0,Hold Your Haunches,Yes,Fashion / Beauty,Female,"$100,000",40%,1.0,,1.0,,,,,,
5.0,23.0,Lord Nut Levington,No,Food and Beverage,Male,,,,,,,,,,,
5.0,24.0,Fun Time Express,Yes,Children / Education,Male,"$125,000",20%,,,1.0,,,1.0,,,
5.0,24.0,PowerPot,Yes,Food and Beverage,Male,"$250,000",12%,,1.0,,,,,,,
5.0,24.0,Quickstop Fire Sprinkler Tools,No,Lifestyle / Home,Male,,,,,,,,,,,
5.0,24.0,Taylor Robinson Music,No,Software / Tech,Male,,,,,,,,,,,
5.0,25.0,ZooBean,Yes,Children / Education,Mixed Team,"$250,000",30%,,1.0,,,,,,,
5.0,25.0,iLumi,No,Lifestyle / Home,Male,,,,,,,,,,,
5.0,25.0,Fort Magic,No,Children / Education,Female,,,,,,,,,,,
5.0,25.0,Intelli-Stopper Technology,No,Food and Beverage,Male,,,,,,,,,,,
5.0,26.0,Rugged Maniac,Yes,Fitness / Sports,Male,"$1,750,000",25%,,1.0,,,,,,,
5.0,26.0,Cerebral Success,Yes,Healthcare,Male,"$75,000",40%,1.0,,,,,,,,
5.0,26.0,Mo's Bows,No,Fashion / Beauty,Male,,,,,,,,,,,
5.0,26.0,Crio,No,Food and Beverage,Male,,,,,,,,,,,
5.0,27.0,Angellift,Yes,Fashion / Beauty,Male,"$500,000",15%,,,1.0,,,,,,
5.0,27.0,HangEase,No,Lifestyle / Home,Male,,,,,,,,,,,
5.0,27.0,The Bouqs Company,No,Lifestyle / Home,Male,,,,,,,,,,,
5.0,27.0,Susty Party,No,Lifestyle / Home,Female,,,,,,,,,,,
5.0,28.0,Oru Kayak,Yes,Fitness / Sports,Male,"$500,000",25%,,,,1.0,,,,,
5.0,28.0,Bon Affair,Yes,Food and Beverage,Female,"$150,000",35%,,1.0,,,,,,,
5.0,28.0,Cinnaholic,No,Food and Beverage,Mixed Team,,,,,,,,,,,
5.0,28.0,Hargitt Marine Services,No,Uncertain / Other,Male,,,,,,,,,,,
5.0,29.0,Foot Fairy,Yes,Software / Tech,Female,"$100,000",40%,,1.0,,,,,,,
5.0,29.0,BZbox,Yes,Lifestyle / Home,Female,"$50,000",40%,,,1.0,,,,,,
5.0,29.0,Tie-Not,No,Children / Education,Male,,,,,,,,,,,
5.0,29.0,Baker's Edge,No,Food and Beverage,Mixed Team,,,,,,,,,,,
6.0,1.0,Sleeping Baby,Yes,Children / Education,Mixed Team,"$200,000",20%,,,,,1.0,,,,
6.0,1.0,Bombas,Yes,Fashion / Beauty,Male,"$200,000",18%,,,,,1.0,,,,
6.0,1.0,Hammer & Nails,No,Fashion / Beauty,Male,,,,,,,,,,,
6.0,1.0,Amber,No,Software / Tech,Male,,,,,,,,,,,
6.0,2.0,Kronos,Yes,Fitness / Sports,Male,"$150,000",30%,,,,1.0,,,,,
6.0,2.0,Roominate,Yes,Children / Education,Female,"$500,000",5%,,1.0,1.0,,,,,,
6.0,2.0,The Floating Mug Co.,No,Lifestyle / Home,Male,,,,,,,,,,,
6.0,2.0,Wedding Wagon,No,Lifestyle / Home,Male,,,,,,,,,,,
6.0,3.0,Heart Pup,Yes,Pet Products,Female,"$50,000",40%,,,,,1.0,,,,
6.0,3.0,SoapSox,No,Children / Education,Male,,,,,,,,,,,
6.0,3.0,Ninja Cards,No,Children / Education,Male,,,,,,,,,,,
6.0,3.0,DrumPants,No,Fashion / Beauty,Mixed Team,,,,,,,,,,,
6.0,4.0,Paper Box Pilots,Yes,Children / Education,Male,"$35,000",50%,,,,1.0,,,,,
6.0,4.0,Reviver,Yes,Lifestyle / Home,Male,"$150,000",15%,,,1.0,,,,,,
6.0,4.0,FunCakes Rental,No,Food and Beverage,Female,,,,,,,,,,,
6.0,4.0,Table Jacks,No,Lifestyle / Home,Male,,,,,,,,,,,
6.0,5.0,The Red Dress Boutique,Yes,Fashion / Beauty,Mixed Team,"$1,200,000",20%,,1.0,,1.0,,,,,
6.0,5.0,SunStaches,Yes,Fashion / Beauty,Male,"$300,000",20%,,,,,1.0,,,,
6.0,5.0,Jungle JumpaRoo,No,Children / Education,Mixed Team,,,,,,,,,,,
6.0,5.0,The Caddy Girls,No,Fitness / Sports,Female,,,,,,,,,,,
6.0,6.0,Honeyfund,Yes,Software / Tech,Mixed Team,"$400,000",n/a,,,,,,1.0,,,three times return from the transaction revenue
6.0,6.0,BeatBox Beverages,Yes,Food and Beverage,Mixed Team,"$1,000,000",33%,,1.0,,,,,,,
6.0,6.0,Oilerie USA,No,Food and Beverage,Male,,,,,,,,,,,
6.0,6.0,EmergenSee,No,Software / Tech,Male,,,,,,,,,,,
6.0,7.0,Myself Belts,Yes,Children / Education,Female,"$75,000",25%,,,,,1.0,,,,
6.0,7.0,Titin,Yes,Fitness / Sports,Male,"$500,000",20%,,,,,1.0,,,,
6.0,7.0,SingTrix,No,Children / Education,Male,,,,,,,,,,,
6.0,7.0,Beardbrand,No,Fashion / Beauty,Male,,,,,,,,,,,
6.0,8.0,The Natural Grip,Yes,Fitness / Sports,Female,"$125,000",25%,,,,1.0,,,,,
6.0,8.0,Bottle Breacher,Yes,Food and Beverage,Male,"$150,000",20%,,1.0,,,,1.0,,,
6.0,8.0,Man-Pack,No,Fashion / Beauty,Male,,,,,,,,,,,
6.0,8.0,Priority One Canine,No,Pet Products,Mixed Team,,,,,,,,,,,
6.0,9.0,Heidi Ho,Yes,Food and Beverage,Female,"$125,000",30%,,,1.0,,,,,,
6.0,9.0,Squatty Potty,Yes,Lifestyle / Home,Mixed Team,"$350,000",10%,,,1.0,,,,,,
6.0,9.0,Pipsnacks,Yes,Food and Beverage,Mixed Team,"$200,000",10%,1.0,,,,,,,,plus a 10% draw whenever founders take cash out until she recoups her investment
6.0,9.0,Storm Stoppers,No,Lifestyle / Home,Male,,,,,,,,,,,
6.0,10.0,MagicCook,Yes,Food and Beverage,Female,"$100,000",33%,,,,,1.0,,,,
6.0,10.0,Earth Log,Yes,Lifestyle / Home,Male,"$160,000",30%,,,1.0,,,,,,
6.0,10.0,Kitchen Safe,Yes,Food and Beverage,Male,"$100,000",20%,,,1.0,,,,,1.0,
6.0,10.0,Off the Cob,No,Food and Beverage,Male,,,,,,,,,,,
6.0,11.0,Biaggi,Yes,Lifestyle / Home,Male,"$500,000",33%,,,1.0,,,,,,
6.0,11.0,Gameday Couture,Yes,Fashion / Beauty,Mixed Team,"$500,000",30%,,1.0,,,,,,,
6.0,11.0,Zipz,Yes,Food and Beverage,Male,"$2,500,000",10%,,,,,,1.0,,,with an option for another $2.5 Million for an additional 10%
6.0,11.0,Soaps Washes and Grooming Essentials (aka S.W.A.G. Essentials),No,Fashion / Beauty,Female,,,,,,,,,,,
6.0,12.0,Hoppy Paws,Yes,Lifestyle / Home,Female,"$100,000",49%,1.0,,,,,,,,
6.0,12.0,Q-Flex,Yes,Healthcare,Female,"$25,000",25%,1.0,1.0,,,,,,,
6.0,12.0,The Mensch on a Bench,Yes,Lifestyle / Home,Male,"$150,000",15%,,,1.0,1.0,,,,,
6.0,12.0,Eve Drop,No,Lifestyle / Home,Male,,,,,,,,,,,
6.0,13.0,Bantam Bagels,Yes,Food and Beverage,Mixed Team,"$275,000",25%,,,1.0,,,,,,
6.0,13.0,Doorman,Yes,Lifestyle / Home,Male,"$250,000",12%,,,,1.0,,,,,
6.0,13.0,SkinnyShirt,No,Fashion / Beauty,Female,,,,,,,,,,,
6.0,13.0,Coffee Meets Bagel,No,Software / Tech,Female,,,,,,,,,,,
6.0,14.0,Evrewares,Yes,Fashion / Beauty,Female,"$200,000",100%,,1.0,,,,,,,
6.0,14.0,Bottle Bright,Yes,Lifestyle / Home,Male,"$75,000",33%,,,1.0,,,,,,
6.0,14.0,Scratch & Grain Baking Co,Yes,Food and Beverage,Female,"$150,000",20%,1.0,,,,,,,,Done as a line of credit
6.0,14.0,Vestpakz,No,Children / Education,Male,,,,,,,,,,,
6.0,15.0,TurboPUP,Yes,Pet Products,Mixed Team,"$100,000",35%,,,,,1.0,,,,
6.0,15.0,Lumio,Yes,Lifestyle / Home,Male,"$350,000",10%,,,,1.0,,,,,
6.0,15.0,Bello Verde,No,Fashion / Beauty,Male,,,,,,,,,,,
6.0,15.0,Napwell,No,Lifestyle / Home,Male,,,,,,,,,,,
6.0,16.0,GreenBox,Yes,Food and Beverage,Mixed Team,"$300,000",10%,,,,,,1.0,,,
6.0,16.0,Phonesoap,Yes,Software / Tech,Male,"$300,000",10%,,,1.0,,,,,,
6.0,16.0,Victoria's Kitchen,No,Food and Beverage,Mixed Team,,,,,,,,,,,
6.0,16.0,Tycoon Real Estate,No,Software / Tech,Mixed Team,,,,,,,,,,,
6.0,17.0,Fresh Patch,Yes,Pet Products,Mixed Team,"$150,000",20%,1.0,1.0,,,,,,,
6.0,17.0,Drain Strain,Yes,Lifestyle / Home,Male,"$110,000",10%,,,,1.0,,,,,
6.0,17.0,Balm Chicky Balm Balm,No,Fashion / Beauty,Female,,,,,,,,,,,
6.0,17.0,BedJet,No,Lifestyle / Home,Male,,,,,,,,,,,
6.0,18.0,BeverageBoy,Yes,Food and Beverage,Male,"$50,000",35%,,,,,1.0,,,,
6.0,18.0,FunBites,Yes,Children / Education,Female,"$75,000",25%,,,1.0,,,,,,
6.0,18.0,The Lip Bar,No,Fashion / Beauty,Female,,,,,,,,,,,
6.0,18.0,Himalayan Dog Chew,No,Pet Products,Male,,,,,,,,,,,
6.0,19.0,Boobypack,Yes,Fashion / Beauty,Female,"$80,000",25%,1.0,,,,,,,,
6.0,19.0,Gold Rush Nugget Bucket,Yes,Children / Education,Male,"$60,000",25%,,,,1.0,,,,,
6.0,19.0,Sseko Designs,No,Fashion / Beauty,Mixed Team,,,,,,,,,,,
6.0,19.0,Lumi,No,Fashion / Beauty,Female,,,,,,,,,,,
6.0,20.0,LuminAid,Yes,Consumer Products,Female,"$300,000",15%,,1.0,,,,,,,
6.0,20.0,Scholly,Yes,Children / Education,Male,"$40,000",15%,,,,,,,,,
6.0,20.0,Keen Home,Yes,Lifestyle / Home,Male,"$750,000",13%,,,,1.0,,,,,
6.0,20.0,Taaluma,No,Fashion / Beauty,Mixed Team,,,,,,,,,,,
6.0,21.0,Coco Jack,Yes,Food and Beverage,Male,"$125,000",25%,,1.0,,,,,,,125k in convertible debt for 25% of the company with 7% interest
6.0,21.0,BedRyder,No,Consumer Products,Male,,,,,,,,,,,
6.0,21.0,Frill,Yes,Fashion / Beauty,Female,"$100,000",20%,1.0,,,,,1.0,,,
6.0,21.0,Twin Z Pillow,Yes,Children / Education,Mixed Team,"$75,000",20%,,,1.0,,,,,,
6.0,22.0,Echo Valley Meats,Yes,Food and Beverage,Male,"$150,000",25%,,1.0,,,,,,,
6.0,22.0,Emazing Lights,Yes,Media / Entertainment,Male,"$650,000",5%,,1.0,,,1.0,,,,plus 20% commission on any license deals they bring
6.0,22.0,acqua vault,Yes,Lifestyle / Home,Male,"$75,000",25%,,,,,1.0,,,,
6.0,22.0,Naja,No,Fashion / Beauty,Female,,,,,,,,,,,
6.0,23.0,Bee Sweet Lemonade,Yes,Food and Beverage,Mixed Team,"$60,000",25%,,,,,1.0,,,,
6.0,23.0,Brand Yourself,No,Software / Tech,Male,,,,,,,,,,,
6.0,23.0,iC Pooch,No,Pet Products,Mixed Team,,,,,,,,,,,
6.0,23.0,The Home T,No,Fashion / Beauty,Male,,,,,,,,,,,
6.0,24.0,Budsies,No,Children / Education,Male,,,,,,,,,,,
6.0,24.0,bee thinking,No,Lifestyle / Home,Male,,,,,,,,,,,
6.0,24.0,PullyPalz,Yes,Children / Education,Female,"$100,000",28%,,,1.0,,,,,,
6.0,24.0,Forus,No,Fitness / Sports,Male,,,,,,,,,,,
6.0,25.0,NeatCheeks,Yes,Children / Education,Female,"$150,000",25%,1.0,,,,,,,,
6.0,25.0,Melni,Yes,Uncertain / Other,Male,"$500,000",12%,,1.0,,,,,,,
6.0,25.0,Beneath the Ink,No,Software / Tech,Mixed Team,,,,,,,,,,,
6.0,25.0,PittMoss,Yes,Green/CleanTech,Male,"$600,000",35%,,1.0,,1.0,,1.0,,,
6.0,26.0,ZinePak,Yes,Media / Entertainment,Female,"$725,000",18%,,,1.0,1.0,,,,,
6.0,26.0,snagastool,No,Software / Tech,Male,,,,,,,,,,,
6.0,26.0,Buck Mason,No,Fashion / Beauty,Male,,,,,,,,,,,Declined Robert's offer
6.0,26.0,Noene,Yes,Fashion / Beauty,Male,"$200,000",30%,,1.0,,,1.0,,,,
6.0,27.0,AirCar,Yes,Green/CleanTech,Male,"$5,000,000",50%,,,,1.0,,,,,Contingent on getting deal to bring to continental US
6.0,27.0,Paleo Diet Foods,No,Food and Beverage,Female,,,,,,,,,,,
6.0,27.0,World Record Striper Company,Yes,Fitness / Sports,Male,"$50,000",33%,,1.0,,,,,,,
6.0,27.0,Frameri,No,Fashion / Beauty,Male,,,,,,,,,,,
6.0,28.0,Zoom,Yes,Lifestyle / Home,Female,"$100,000",33%,1.0,,,,,,,,
6.0,28.0,Sunscreen Mist,No,Lifestyle / Home,Male,,,,,,,,,,,
6.0,28.0,SynDaver Labs,Yes,Healthcare,Male,"$3,000,000",25%,,,,1.0,,,,,
6.0,28.0,You Kick Ass,Yes,Children / Education,Female,"$100,000",10%,,1.0,,,,,,,
6.0,29.0,Shark Wheel,Yes,Fitness / Sports,Male,"$225,000",8%,,1.0,,1.0,,,,1.0,10% royalty until $500K; then converts to 5% equity
6.0,29.0,Gato Cafe,No,Uncertain / Other,Female,,,,,,,,,,,
6.0,29.0,Sway Motorsports,Yes,Green/CleanTech,Male,"$300,000",20%,,1.0,,,,,,,
6.0,29.0,Spikeball,Yes,Fitness / Sports,Male,"$500,000",20%,,,,,1.0,,,,
